,statNm,statId,chgerId,chgerType,addr,location,lat,lng,useTime,busiId,bnm,busiNm,busiCall,stat,statUpdDt,lastTsdt,lastTedt,nowTsdt,output,method,zcode,zprov,zscode,kind,kindDetail,parkingFree,limitYn,delYn,statUpdDt_rev,lastTsdt_rev,lastTedt_rev
0,종묘 공영주차장,ME000001,1,3,서울특별시 종로구 종로 157,서울특별시 종로구,37.571076,126.99588,24시간 이용가능,ME,환경부,환경부,1661-9408,9,2.02E+13,2.02E+13,2.02E+13,,50,단독,11,KR-11,11110,B0,B001,Y,N,N,3/16/2022 14:43,10/28/2021 0:27,10/28/2021 0:46
1,세종로 공영주차장,ME000002,1,6,서울특별시 종로구 세종대로 189,서울특별시 종로구,37.573611,126.976011,24시간 이용가능,ME,환경부,환경부,1661-9408,9,2.02E+13,2.02E+13,2.02E+13,,50,단독,11,KR-11,11110,B0,B001,Y,N,N,8/31/2021 22:43,8/26/2021 2:38,8/26/2021 3:04
2,그랜드앰배서더 서울,ME000003,1,6,서울특별시 중구 동호로 287,서울특별시 중구,37.559352,127.00235,24시간 이용가능,ME,환경부,환경부,1661-9408,9,2.02E+13,2.02E+13,2.02E+13,,50,단독,11,KR-11,11140,E0,E003,N,N,N,9/10/2021 10:33,9/5/2021 21:48,9/5/2021 22:18
3,한강진역 공영주차장,ME000004,1,3,서울특별시 용산구 한남동 산10-84,서울특별시 용산구,37.540085,127.002804,24시간 이용가능,ME,환경부,환경부,1661-9408,9,2.02E+13,2.02E+13,2.02E+13,,50,단독,11,KR-11,11170,B0,B001,Y,N,N,9/10/2021 9:53,9/3/2021 9:05,9/3/2021 9:35
4,마장동사무소 앞(공중전화부스),ME000006,1,6,서울특별시 성동구 마장동 808,서울특별시 성동구,37.5660935,127.0455256,24시간 이용가능,ME,환경부,환경부,1661-9408,9,2.02E+13,2.02E+13,2.02E+13,,50,단독,11,KR-11,11200,G0,G003,N,N,N,8/11/2022 12:43,8/11/2022 8:59,8/11/2022 9:21
5,청량리롯데백화점,ME000007,1,3,서울특별시 동대문구 왕산로 214,서울특별시 동대문구,37.58065,127.047938,24시간 이용가능,ME,환경부,환경부,1661-9408,9,2.02E+13,2.02E+13,2.02E+13,,50,단독,11,KR-11,11230,E0,E002,N,N,N,10/25/2021 11:33,10/23/2021 18:55,10/23/2021 18:55
6,이마트 이문점,ME000008,1,3,서울특별시 동대문구 이문로 136,서울특별시 동대문구,37.598454,127.061848,10:00~24:00,ME,환경부,환경부,1661-9408,9,2.02E+13,2.02E+13,2.02E+13,,50,단독,11,KR-11,11230,E0,E001,N,N,N,8/3/2021 11:08,7/14/2021 17:07,7/14/2021 17:40
7,홈플러스 월곡점,ME000011,1,3,서울특별시 성북구 화랑로 76,서울특별시 성북구,37.60208293,127.040024,10:00~24:00,ME,환경부,환경부,1661-9408,9,2.02E+13,2.02E+13,2.02E+13,,50,단독,11,KR-11,11290,E0,E001,N,N,N,10/29/2021 10:38,10/26/2021 17:07,10/26/2021 17:40
8,성북벤처빌딩 공영주차장,ME000012,1,6,서울특별시 성북구 장위2동 65-154,서울특별시 성북구,37.60936,127.053263,,ME,환경부,환경부,1661-9408,9,2.02E+13,2.02E+13,2.02E+13,2.02E+13,50,단독,11,KR-11,11290,B0,B001,N,N,N,8/11/2022 12:48,8/11/2022 8:18,8/11/2022 8:58
9,롯데마트 삼양점,ME000013,1,3,서울특별시 강북구 삼양로 247,서울특별시 강북구,37.625405,127.017897,10:00~24:00,ME,환경부,환경부,1661-9408,9,2.02E+13,0,2.02E+13,,50,단독,11,KR-11,11305,E0,E001,N,N,N,11/23/2021 18:53,#VALUE!,10/8/2021 14:20
10,이마트 은평점,ME000016,1,3,서울특별시 은평구 은평로 111,서울특별시 은평구,37.60047527,126.9204741,10:00~24:00,ME,환경부,환경부,1661-9408,9,2.02E+13,2.02E+13,2.02E+13,,50,단독,11,KR-11,11380,E0,E001,N,N,N,9/6/2021 10:03,8/21/2021 10:39,8/21/2021 10:40
11,구파발역 환승주차장,ME000017,1,3,서울특별시 은평구 진관동 66-30,서울특별시 은평구,37.63791,126.9191,24시간 이용가능,ME,환경부,환경부,1661-9408,9,2.02E+13,2.02E+13,2.02E+13,,50,단독,11,KR-11,11380,B0,B003,Y,N,N,9/10/2021 10:28,9/8/2021 13:26,9/8/2021 14:07
12,홈플러스 월드컵점,ME000018,1,3,서울특별시 마포구 월드컵로 240,서울특별시 마포구,37.566685,126.898753,08:00~24:00,ME,환경부,환경부,1661-9408,9,2.02E+13,2.02E+13,2.02E+13,,50,단독,11,KR-11,11440,E0,E001,N,N,N,9/3/2021 14:23,9/3/2021 12:52,9/3/2021 13:12
13,시설관리공단 마포유수지주차장,ME000019,1,3,서울특별시 마포구 마포대로1길 19,서울특별시 마포구,37.539442,126.943054,24시간 이용가능,ME,환경부,환경부,1661-9408,9,2.02E+13,2.02E+13,2.02E+13,,50,단독,11,KR-11,11440,B0,B001,Y,N,N,9/10/2021 9:53,9/7/2021 9:46,9/7/2021 10:26
14,홈플러스 목동점,ME000021,1,3,서울특별시 양천구 목동서로 170,서울특별시 양천구,37.52992611,126.8736403,10:00~24:00,ME,환경부,환경부,1661-9408,9,2.02E+13,2.02E+13,2.02E+13,,50,단독,11,KR-11,11470,E0,E001,N,N,N,8/10/2021 16:33,8/9/2021 12:14,8/9/2021 12:42
15,해맞이공영주차장,ME000022,1,6,서울특별시 양천구 지양로 47,서울특별시 양천구,37.520062,126.834854,24시간 이용가능,ME,환경부,환경부,1661-9408,9,2.02E+13,2.02E+13,2.02E+13,,50,단독,11,KR-11,11470,B0,B001,N,N,N,8/11/2022 1:18,8/10/2022 21:01,8/10/2022 21:18
16,홈플러스 가양점,ME000023,1,3,서울특별시 강서구 양천로 431,서울특별시 강서구,37.56401856,126.8505957,10:00~24:00,ME,환경부,환경부,1661-9408,9,2.02E+13,2.02E+13,2.02E+13,,50,단독,11,KR-11,11500,E0,E001,N,N,N,10/7/2021 15:43,8/10/2021 15:50,8/10/2021 16:27
17,롯데마트 김포공항점,ME000024,1,6,서울특별시 강서구 하늘길 77,서울특별시 강서구,37.563453,126.803539,24시간 이용가능,ME,환경부,환경부,1661-9408,9,2.02E+13,2.02E+13,2.02E+13,,50,단독,11,KR-11,11500,E0,E001,Y,N,N,7/28/2021 12:03,7/28/2021 11:06,7/28/2021 11:30
18,메이필드호텔,ME000025,1,6,서울특별시 강서구 방화대로 94,서울특별시 강서구,37.546851,126.818613,24시간 이용가능,ME,환경부,환경부,1661-9408,9,2.02E+13,2.02E+13,2.02E+13,,50,단독,11,KR-11,11500,E0,E003,N,N,N,8/10/2021 17:28,8/10/2021 15:53,8/10/2021 16:16
19,천왕역 환승주차장,ME000027,1,3,서울특별시 구로구 오류동 174-10,서울특별시 구로구,37.487234,126.839153,24시간 이용가능,ME,환경부,환경부,1661-9408,9,2.02E+13,2.02E+13,2.02E+13,,50,단독,11,KR-11,11530,B0,B003,Y,N,N,9/10/2021 10:28,2/9/2021 0:06,1/20/2021 13:00
20,구로리공원 앞(공중전화부스),ME000028,1,6,서울특별시 구로구 구로동 136-14,서울특별시 구로구,37.4912466,126.8919514,24시간 이용가능,ME,환경부,환경부,1661-9408,9,2.02E+13,2.02E+13,2.02E+13,2.02E+13,50,단독,11,KR-11,11530,G0,G003,N,N,N,8/11/2022 12:48,8/11/2022 11:26,8/11/2022 12:06
21,홈플러스 시흥점,ME000029,1,3,서울특별시 금천구 시흥대로 201,서울특별시 금천구,37.45222814,126.9009394,10:00~24:00,ME,환경부,환경부,1661-9408,9,2.02E+13,2.02E+13,2.02E+13,,50,단독,11,KR-11,11545,E0,E001,N,N,N,8/3/2021 11:08,4/27/2019 12:46,4/26/2019 16:52
22,제일모직아울렛 건너편(공중전화부스),ME000031,1,6,서울특별시 금천구 가산동 239-27,서울특별시 금천구,37.4744454,126.8867302,24시간 이용가능,ME,환경부,환경부,1661-9408,9,2.02E+13,2.02E+13,2.02E+13,,50,단독,11,KR-11,11545,G0,G003,N,N,N,6/21/2022 13:58,6/21/2022 8:22,6/21/2022 9:02
23,영등포구 대신시장(공중전화부스),ME000032,1,6,서울특별시 영등포구 신길1동 116-15,서울특별시 영등포구,37.5113404,126.9176919,24시간 이용가능,ME,환경부,환경부,1661-9408,9,2.02E+13,2.02E+13,2.02E+13,,50,단독,11,KR-11,11560,G0,G003,N,N,N,8/11/2022 12:48,8/11/2022 10:25,8/11/2022 11:05
24,동작주차공원 공영주차장,ME000035,1,6,서울특별시 동작구 현충로 213,서울특별시 동작구,37.503803,126.976775,24시간 이용가능,ME,환경부,환경부,1661-9408,9,2.02E+13,2.02E+13,2.02E+13,,50,단독,11,KR-11,11590,B0,B001,Y,N,N,9/10/2021 10:33,7/31/2021 17:33,7/31/2021 18:13
25,조원동 제1공영주차장,ME000036,1,6,서울특별시 관악구 신림동 571-6,서울특별시 관악구,37.481069,126.905703,24시간 이용가능,ME,환경부,환경부,1661-9408,9,2.02E+13,2.02E+13,2.02E+13,,50,단독,11,KR-11,11620,B0,B001,N,N,N,8/11/2022 12:48,8/11/2022 10:46,8/11/2022 11:24
26,사당역 공영주차장,ME000037,1,3,서울특별시 서초구 과천대로 950-18,서울특별시 서초구,37.475256,126.982638,24시간 이용가능,ME,환경부,환경부,1661-9408,9,2.02E+13,2.02E+13,2.02E+13,,50,단독,11,KR-11,11650,B0,B001,Y,N,N,9/10/2021 9:53,9/8/2021 16:34,9/8/2021 17:13
27,이마트 양재점,ME000038,1,3,서울특별시 서초구 매헌로 16,서울특별시 서초구,37.463293,127.036812,09:00~24:00,ME,환경부,환경부,1661-9408,9,2.02E+13,2.02E+13,2.02E+13,,50,단독,11,KR-11,11650,E0,E001,N,N,N,10/7/2021 15:48,7/1/2021 21:52,7/1/2021 22:22
28,수서역 공영주차장,ME000039,1,3,서울특별시 강남구 수서동 735,서울특별시 강남구,37.487569,127.101016,24시간 이용가능,ME,환경부,환경부,1661-9408,9,2.02E+13,2.02E+13,2.02E+13,,50,단독,11,KR-11,11680,B0,B001,Y,N,N,9/10/2021 9:53,9/8/2021 15:52,9/8/2021 16:30
29,학여울역 공영주차장,ME000040,1,3,서울특별시 강남구 남부순환로 3104,서울특별시 강남구,37.496722,127.070444,05:00~익일01:00,ME,환경부,환경부,1661-9408,9,2.02E+13,2.02E+13,2.02E+13,,50,단독,11,KR-11,11680,B0,B001,Y,N,N,10/21/2021 15:33,10/5/2021 18:39,10/5/2021 19:20
30,롯데마트 잠실점,ME000044,1,3,서울특별시 송파구 올림픽로 240,서울특별시 송파구,37.511818,127.096321,10:00~24:00,ME,환경부,환경부,1661-9408,9,2.02E+13,2.02E+13,2.02E+13,,50,단독,11,KR-11,11710,E0,E001,N,N,N,11/17/2021 14:08,11/13/2021 13:42,11/13/2021 14:21
31,이마트 명일점,ME000045,1,3,서울특별시 강동구 고덕로 276,서울특별시 강동구,37.554606,127.155966,10:00~24:00,ME,환경부,환경부,1661-9408,9,2.02E+13,2.02E+13,2.02E+13,,50,단독,11,KR-11,11740,E0,E001,N,N,N,8/3/2021 11:13,7/9/2021 10:51,7/9/2021 10:51
32,홈플러스 영도점,ME000046,1,1,부산광역시 영도구 대교로14번길 57,부산광역시 영도구,35.095906,129.04424,09:00~24:00,ME,환경부,환경부,1661-9408,9,2.02E+13,2.02E+13,2.02E+13,,50,단독,26,KR-26,26200,E0,E001,N,N,N,1/17/2022 15:13,1/14/2022 14:38,1/14/2022 15:07
33,이마트 문현점,ME000048,1,3,부산광역시 남구 전포대로91번길 47,부산광역시 남구,35.144356,129.064256,10:00~24:00,ME,환경부,환경부,1661-9408,9,2.02E+13,2.02E+13,2.02E+13,,50,단독,26,KR-26,26290,E0,E001,N,N,N,10/21/2021 14:08,10/18/2021 17:07,10/18/2021 17:47
34,이마트 금정점,ME000052,1,1,부산광역시 금정구 중앙대로1841번길 24,부산광역시 금정구,35.24975906,129.0901501,10:00~24:00,ME,환경부,환경부,1661-9408,9,2.02E+13,2.02E+13,2.02E+13,,50,단독,26,KR-26,26410,E0,E001,N,N,N,8/3/2021 11:13,8/3/2018 13:46,8/1/2018 14:57
35,홈플러스 아시아드점,ME000055,1,3,부산광역시 연제구 종합운동장로 7,부산광역시 연제구,35.19104755,129.0625057,09:00~24:00,ME,환경부,환경부,1661-9408,9,2.02E+13,2.02E+13,2.02E+13,,50,단독,26,KR-26,26470,E0,E001,N,N,N,10/21/2021 12:53,10/21/2021 11:31,10/21/2021 12:11
36,이마트 연제점,ME000056,1,3,부산광역시 연제구 연수로 89,부산광역시 연제구,35.176147,129.081345,10:00~24:00,ME,환경부,환경부,1661-9408,9,2.02E+13,2.02E+13,2.02E+13,,50,단독,26,KR-26,26470,E0,E001,N,N,N,11/15/2021 13:18,11/13/2021 20:01,11/13/2021 20:24
37,기장군청,ME000061,1,6,부산광역시 기장군 기장읍 기장대로 560,부산광역시 기장군,35.2443,129.2232,,ME,환경부,환경부,1661-9408,9,2.02E+13,2.02E+13,2.02E+13,,50,단독,26,KR-26,26710,A0,A001,N,N,N,8/11/2022 12:48,8/11/2022 10:39,8/11/2022 11:19
38,성명맨션 앞(공중전화부스),ME000063,1,6,대구광역시 동구 신천3동 146-15,대구광역시 동구,35.8683691,128.6232879,24시간 이용가능,ME,환경부,환경부,1661-9408,9,2.02E+13,2.02E+13,2.02E+13,,50,단독,27,KR-27,27140,G0,G003,N,N,N,8/11/2022 12:48,8/10/2022 17:11,8/10/2022 17:51
39,망우당공원 택시쉼터,ME000064,1,6,대구광역시 동구 효동로2길 93 ,대구광역시 동구,35.8764164,128.6564477,,ME,환경부,환경부,1661-9408,9,2.02E+13,2.02E+13,2.02E+13,,50,단독,27,KR-27,27140,C0,C003,N,N,N,8/11/2022 12:48,8/11/2022 7:04,8/11/2022 7:23
40,원평치안센터(공중전화부스),ME000065,1,6,대구광역시 서구 평리3동 729-2,대구광역시 서구,35.8793788,128.561858,24시간 이용가능,ME,환경부,환경부,1661-9408,9,2.02E+13,2.02E+13,2.02E+13,,50,단독,27,KR-27,27170,G0,G003,N,N,N,8/11/2022 12:43,8/10/2022 16:41,8/10/2022 17:18
41,만평네거리 북편 공영주차장,ME000067,1,6,대구광역시 북구 팔달로 105 ,대구광역시 북구,35.8900805,128.562145,,ME,환경부,환경부,1661-9408,9,2.02E+13,2.02E+13,2.02E+13,,50,단독,27,KR-27,27230,B0,B001,N,N,N,8/11/2022 12:43,8/10/2022 11:21,8/10/2022 11:51
42,대구교통연수원,ME000069,1,6,대구광역시 수성구 무학로 203 ,대구광역시 수성구,35.8302242,128.6304832,,ME,환경부,환경부,1661-9408,9,2.02E+13,2.02E+13,2.02E+13,,50,단독,27,KR-27,27260,A0,A004,N,N,N,8/11/2022 12:48,8/10/2022 14:36,8/10/2022 15:16
43,성서국민체육센터,ME000071,1,6,대구광역시 달서구 선원로 133 ,대구광역시 달서구,35.8598646,128.5068616,,ME,환경부,환경부,1661-9408,9,2.02E+13,2.02E+13,2.02E+13,2.02E+13,50,단독,27,KR-27,27290,A0,A004,N,N,N,8/11/2022 12:48,8/11/2022 10:04,8/11/2022 10:45
44,홀마트 앞 (공중전화부스),ME000072,1,6,대구광역시 달성군 논공읍 논공로 749,대구광역시 달성군,35.7290522,128.445777,24시간 이용가능,ME,환경부,환경부,1661-9408,9,2.02E+13,2.02E+13,2.02E+13,,50,단독,27,KR-27,27710,G0,G003,N,N,N,8/3/2021 11:18,10/25/2020 14:59,10/25/2020 15:29
45,인천공항 정부합동청사,ME000073,1,3,인천광역시 중구 공항로424번길 47,인천광역시 중구,37.440993,126.461521,24시간 이용가능,ME,환경부,환경부,1661-9408,9,2.02E+13,0,2.02E+13,,50,단독,28,KR-28,28110,B0,B001,Y,N,N,10/4/2021 8:08,#VALUE!,9/24/2021 12:59
46,롯데마트 영종도점,ME000074,1,3,인천광역시 중구 흰바위로 51,인천광역시 중구,37.492675,126.491194,10:00~22:00,ME,환경부,환경부,1661-9408,9,2.02E+13,2.02E+13,2.02E+13,,50,단독,28,KR-28,28110,E0,E001,N,N,N,9/24/2021 11:58,9/24/2021 11:24,9/24/2021 11:25
47,차이나타운 주차장,ME000075,1,6,인천광역시 중구 신포로27번길 80,인천광역시 중구,37.4761432,126.6183817,,ME,환경부,환경부,1661-9408,9,2.02E+13,2.02E+13,2.02E+13,,50,단독,28,KR-28,28110,B0,B004,N,N,N,8/11/2022 12:43,8/10/2022 20:05,8/10/2022 20:30
48,송림체육관,ME000076,1,6,인천광역시 동구 염전로 30,인천광역시 동구,37.4855897,126.6473026,24시간 이용가능,ME,환경부,환경부,1661-9408,9,2.02E+13,2.02E+13,2.02E+13,2.02E+13,50,단독,28,KR-28,28140,A0,A004,N,N,N,8/11/2022 8:28,8/10/2022 21:38,8/10/2022 22:15
49,홈플러스 인하점,ME000077,1,3,인천광역시 미추홀구 소성로 6,인천광역시 미추홀구,37.44690295,126.6505648,09:00~24:00,ME,환경부,환경부,1661-9408,9,2.02E+13,2.02E+13,2.02E+13,,50,단독,28,KR-28,28177,E0,E001,N,N,N,9/2/2021 13:38,9/2/2021 13:00,9/2/2021 13:03
50,이마트 연수점,ME000079,1,3,인천광역시 연수구 경원대로 184,인천광역시 연수구,37.4047181,126.6819251,10:00~24:00,ME,환경부,환경부,1661-9408,9,2.02E+13,2.02E+13,2.02E+13,,50,단독,28,KR-28,28185,E0,E001,N,N,N,9/9/2021 11:08,9/5/2021 15:33,9/5/2021 16:14
51,홈플러스 구월점,ME000081,1,3,인천광역시 남동구 예술로 198,인천광역시 남동구,37.45195982,126.7017711,09:00~24:00,ME,환경부,환경부,1661-9408,9,2.02E+13,2.02E+13,2.02E+13,,50,단독,28,KR-28,28200,E0,E001,N,N,N,10/22/2021 14:13,10/14/2021 12:20,10/14/2021 13:00
52,홈플러스 가좌점,ME000085,1,3,인천광역시 서구 가정로151번길 11,인천광역시 서구,37.497573,126.670692,10:00~24:00,ME,환경부,환경부,1661-9408,9,2.02E+13,2.02E+13,2.02E+13,,50,단독,28,KR-28,28260,E0,E001,N,N,N,10/19/2021 12:23,10/18/2021 12:38,10/18/2021 12:52
53,광주시청,ME000088,1,6,광주광역시 서구 내방로 111,광주광역시 서구,35.160317,126.849815,24시간 이용가능,ME,환경부,환경부,1661-9408,9,2.02E+13,2.01E+13,2.01E+13,,50,단독,29,KR-29,29140,A0,A001,N,N,N,8/30/2021 17:43,9/25/2014 20:50,9/25/2014 20:50
54,광주시청,ME000088,2,6,광주광역시 서구 내방로 111,광주광역시 서구,35.160317,126.849815,24시간 이용가능,ME,환경부,환경부,1661-9408,9,2.02E+13,2.01E+13,2.01E+13,,50,단독,29,KR-29,29140,A0,A001,N,N,N,8/30/2021 17:43,9/19/2014 14:35,9/19/2014 14:35
55,광주문화예술회관,ME000090,1,3,광주광역시 북구 북문대로 60,광주광역시 북구,35.177718,126.881703,24시간 이용가능,ME,환경부,환경부,1661-9408,9,2.02E+13,2.02E+13,2.02E+13,,50,단독,29,KR-29,29170,A0,A004,N,N,N,9/28/2021 11:58,9/14/2021 12:38,9/14/2021 12:51
56,홈플러스 동대전점,ME000094,1,3,대전광역시 동구 한밭대로 1282,대전광역시 동구,36.353803,127.437375,10:00~24:00,ME,환경부,환경부,1661-9408,9,2.02E+13,2.02E+13,2.02E+13,,50,단독,30,KR-30,30110,E0,E001,N,N,N,10/19/2021 10:38,10/17/2021 16:45,10/17/2021 17:25
57,대전월드컵경기장,ME000096,1,6,대전광역시 유성구 월드컵대로 32,대전광역시 유성구,36.363604,127.32591,,ME,환경부,환경부,1661-9408,9,2.02E+13,2.02E+13,2.02E+13,,50,단독,30,KR-30,30200,A0,A004,N,N,N,8/11/2022 12:43,8/10/2022 14:01,8/10/2022 14:42
58,농소2동 주민센터,ME000102,1,6,울산광역시 북구 찬샘1길 24,울산광역시 북구,35.638203,129.3480953,24시간 이용가능,ME,환경부,환경부,1661-9408,9,2.02E+13,2.02E+13,2.02E+13,,50,단독,31,KR-31,31200,A0,A002,N,N,N,8/11/2022 12:48,8/11/2022 11:15,8/11/2022 11:19
59,홈플러스 동수원점,ME000106,1,3,경기도 수원시 팔달구 효원로 257,경기도 수원시,37.26286532,127.0296301,10:00~24:00,ME,환경부,환경부,1661-9408,9,2.02E+13,2.02E+13,2.02E+13,,50,단독,41,KR-41,41110,E0,E001,N,N,N,10/7/2021 15:43,7/19/2021 11:06,7/19/2021 11:07
60,이마트 서수원점,ME000107,1,3,경기도 수원시 권선구 수인로 291,경기도 수원시,37.282506,126.970137,10:00~24:00,ME,환경부,환경부,1661-9408,9,2.02E+13,2.02E+13,2.02E+13,,50,단독,41,KR-41,41110,E0,E001,N,N,N,11/24/2021 16:23,6/20/2021 14:25,6/20/2021 14:34
61,장안구청,ME000108,1,6,경기도 수원시 장안구 송원로 101,경기도 수원시,37.304438,127.010121,24시간 이용가능,ME,환경부,환경부,1661-9408,9,2.02E+13,2.02E+13,2.02E+13,,50,단독,41,KR-41,41110,A0,A001,N,N,N,8/11/2022 9:48,8/9/2022 1:25,8/9/2022 2:01
62,롯데마트 영통점,ME000110,1,6,경기도 수원시 영통구 봉영로 1579,경기도 수원시,37.252726,127.071649,24시간 이용가능,ME,환경부,환경부,1661-9408,9,2.02E+13,2.02E+13,2.02E+13,,50,단독,41,KR-41,41110,E0,E001,N,N,N,8/11/2022 12:48,8/10/2022 10:48,8/10/2022 11:17
63,이마트 성남점,ME000111,1,3,경기도 성남시 수정구 수정로 201,경기도 성남시,37.44396711,127.1410876,10:00~22:00,ME,환경부,환경부,1661-9408,9,2.02E+13,2.02E+13,2.02E+13,,50,단독,41,KR-41,41130,E0,E001,N,N,N,10/19/2021 14:48,8/24/2021 13:00,8/24/2021 13:24
64,동양컴퓨터학원 앞(공중전화부스),ME000113,1,6,경기도 성남시 중원구 중앙동 1175,경기도 성남시,37.4398788,127.1455762,24시간 이용가능,ME,환경부,환경부,1661-9408,9,2.02E+13,2.02E+13,2.02E+13,2.02E+13,50,단독,41,KR-41,41130,G0,G003,N,N,N,8/19/2022 17:33,8/11/2022 1:04,8/11/2022 1:44
65,성남 맛고을 주차장,ME000115,1,6,경기도 성남시 분당구 야탑로 111번길 12-14,경기도 성남시,37.4119752,127.1320774,,ME,환경부,환경부,1661-9408,9,2.02E+13,2.02E+13,2.02E+13,,50,단독,41,KR-41,41130,B0,B004,N,N,N,4/25/2022 1:58,4/23/2022 12:55,4/23/2022 13:35
66,하나로마트 성남점,ME000116,1,6,경기도 성남시 분당구 성남대로 43번길 11 ,경기도 성남시,37.3378677,127.1086182,24시간 이용가능,ME,환경부,환경부,1661-9408,9,2.02E+13,2.02E+13,2.02E+13,,50,단독,41,KR-41,41130,E0,E001,N,N,N,8/11/2022 12:48,8/11/2022 7:56,8/11/2022 8:20
67,홈플러스 의정부점,ME000117,1,3,경기도 의정부시 청사로 38,경기도 의정부시,37.75264066,127.0713202,10:00~23:40,ME,환경부,환경부,1661-9408,9,2.02E+13,2.02E+13,2.02E+13,,50,단독,41,KR-41,41150,E0,E001,N,N,N,8/11/2022 12:23,8/9/2022 11:05,8/9/2022 11:05
68,홈플러스 안양점,ME000118,1,3,경기도 안양시 동안구 엘에스로 92,경기도 안양시,37.370042,126.953179,09:00~24:00,ME,환경부,환경부,1661-9408,9,2.02E+13,2.02E+13,2.02E+13,,50,단독,41,KR-41,41170,E0,E001,N,N,N,8/19/2022 17:33,8/10/2022 14:47,8/10/2022 15:03
69,안양시청,ME000119,1,6,경기도 안양시 동안구 관앙동 1590,경기도 안양시,37.394966,126.957851,24시간 이용가능,ME,환경부,환경부,1661-9408,9,2.02E+13,2.02E+13,2.02E+13,,50,단독,41,KR-41,41170,A0,A001,N,N,N,2/17/2022 15:43,1/26/2022 9:36,1/26/2022 9:59
70,이마트 중동점,ME000120,1,3,경기도 부천시 원미구 석천로 188,경기도 부천시,37.50395069,126.7640929,10:00~24:00,ME,환경부,환경부,1661-9408,9,2.02E+13,2.02E+13,2.02E+13,,50,단독,41,KR-41,41190,E0,E001,N,N,N,11/24/2021 16:23,10/18/2021 11:36,10/18/2021 11:38
71,홈플러스 안산점,ME000124,1,3,경기도 안산시 상록구 충장로 432,경기도 안산시,37.317494,126.850333,10:00~24:00,ME,환경부,환경부,1661-9408,9,2.02E+13,2.02E+13,2.02E+13,,50,단독,41,KR-41,41270,E0,E001,N,N,N,8/3/2021 11:18,5/1/2021 14:26,4/22/2021 16:40
72,롯데마트 주엽점,ME000128,1,3,경기도 고양시 일산서구 중앙로 1496,경기도 고양시,37.673095,126.755524,10:00~24:00,ME,환경부,환경부,1661-9408,9,2.02E+13,2.02E+13,2.02E+13,,50,단독,41,KR-41,41280,E0,E001,N,N,N,11/24/2021 16:23,10/22/2021 12:43,10/22/2021 13:19
73,롯데마트 고양점,ME000129,1,3,경기도 고양시 덕양구 충장로 150,경기도 고양시,37.625167,126.836274,10:00~23:00,ME,환경부,환경부,1661-9408,9,2.02E+13,2.02E+13,2.02E+13,,50,단독,41,KR-41,41280,E0,E001,N,N,N,11/24/2021 16:23,11/5/2021 12:53,11/5/2021 13:18
74,고양종합운동장 부설주차장,ME000130,1,6,경기도 고양시 일산서구 중앙로 1601,경기도 고양시,37.678997,126.741799,24시간 이용가능,ME,환경부,환경부,1661-9408,9,2.02E+13,2.02E+13,2.02E+13,,50,단독,41,KR-41,41280,A0,A004,Y,N,N,9/14/2021 11:08,9/13/2021 14:24,9/13/2021 14:28
75,이마트 다산점,ME000132,1,3,경기도 남양주시 도농로 24,경기도 남양주시,37.608762,127.159746,10:00~24:00,ME,환경부,환경부,1661-9408,9,2.02E+13,2.02E+13,2.02E+13,,50,단독,41,KR-41,41360,E0,E001,N,N,N,8/3/2021 11:18,4/10/2021 12:51,4/10/2021 13:11
76,롯데마트 마석점,ME000134,1,6,경기도 남양주시 화도읍 경춘로 1992,경기도 남양주시,37.650216,127.309384,24시간 이용가능,ME,환경부,환경부,1661-9408,9,2.02E+13,2.02E+13,2.02E+13,,50,단독,41,KR-41,41360,E0,E001,N,N,N,11/24/2021 23:08,11/24/2021 17:06,11/24/2021 17:47
77,홈플러스 시화점,ME000135,1,3,경기도 시흥시 희망공원로 269,경기도 시흥시,37.345145,126.725226,10:00~24:00,ME,환경부,환경부,1661-9408,9,2.02E+13,2.02E+13,2.02E+13,,50,단독,41,KR-41,41390,E0,E001,N,N,N,10/23/2021 18:33,10/16/2021 18:10,10/16/2021 18:37
78,의왕휴게소(서울방향),ME000136,1,6,경기도 의왕시 오전로 24,경기도 의왕시,37.347493,126.985383,24시간 이용가능,ME,환경부,환경부,1661-9408,9,2.02E+13,2.02E+13,2.02E+13,,50,단독,41,KR-41,41430,C0,C002,N,N,N,9/10/2021 9:58,8/1/2021 18:36,8/1/2021 18:53
79,의왕휴게소(의왕방향),ME000137,1,6,경기도 의왕시 오전로 24,경기도 의왕시,37.348306,126.983728,24시간 이용가능,ME,환경부,환경부,1661-9408,9,2.02E+13,2.02E+13,2.02E+13,,50,단독,41,KR-41,41430,C0,C002,N,N,N,5/4/2022 17:38,5/4/2022 15:50,5/4/2022 16:30
80,이마트 하남점,ME000138,1,3,경기도 하남시 덕풍서로 70,경기도 하남시,37.552817,127.205407,10:00~24:00,ME,환경부,환경부,1661-9408,9,2.02E+13,2.02E+13,2.02E+13,,50,단독,41,KR-41,41450,E0,E001,N,N,N,1/17/2022 13:53,5/3/2021 12:21,5/3/2021 13:02
81,이마트 보라점,ME000140,1,3,경기도 용인시 기흥구 한보라1로 92,경기도 용인시,37.247521,127.105052,10:00~24:00,ME,환경부,환경부,1661-9408,9,2.02E+13,2.02E+13,2.02E+13,,50,단독,41,KR-41,41460,E0,E001,N,N,N,11/24/2021 16:23,11/5/2021 11:15,11/5/2021 11:40
82,이마트 죽전점,ME000141,1,3,경기도 용인시 수지구 포은대로 552,경기도 용인시,37.32554335,127.1102209,10:00~24:00,ME,환경부,환경부,1661-9408,9,2.02E+13,2.02E+13,2.02E+13,,50,단독,41,KR-41,41460,E0,E001,N,N,N,10/7/2021 15:43,8/4/2021 17:22,8/4/2021 17:50
83,홈플러스 파주문산점,ME000143,1,6,경기도 파주시 문산읍 방촌로 1759,경기도 파주시,37.869915,126.785434,10:00~22:00,ME,환경부,환경부,1661-9408,9,2.02E+13,2.02E+13,2.02E+13,,50,단독,41,KR-41,41480,E0,E001,N,N,N,11/24/2021 16:23,10/15/2021 11:09,10/15/2021 11:31
84,이마트 이천점,ME000145,1,3,경기도 이천시 이섭대천로 1440-50,경기도 이천시,37.293832,127.459068,10:00~24:00,ME,환경부,환경부,1661-9408,9,2.02E+13,2.02E+13,2.02E+13,,50,단독,41,KR-41,41500,E0,E001,N,N,N,11/24/2021 16:28,10/31/2021 18:16,10/31/2021 18:50
85,홈플러스 풍무점,ME000153,1,3,경기도 김포시 풍무로 167,경기도 김포시,37.609884,126.724018,09:00~24:00,ME,환경부,환경부,1661-9408,9,2.02E+13,2.02E+13,2.02E+13,,50,단독,41,KR-41,41570,E0,E001,N,N,N,11/24/2021 16:28,10/23/2021 10:58,10/23/2021 11:38
86,홈플러스 병점점,ME000154,1,3,경기도 화성시 경기대로 985,경기도 화성시,37.203717,127.03676,10:00~24:00,ME,환경부,환경부,1661-9408,9,2.02E+13,2.02E+13,2.02E+13,,50,단독,41,KR-41,41590,E0,E001,N,N,N,8/3/2021 11:18,5/27/2021 17:21,5/27/2021 17:58
87,송산포도휴게소(평택방향),ME000158,1,6,경기도 화성시 송산면 평택시흥고속도로 25,경기도 화성시,37.2380223,126.7566458,,ME,환경부,환경부,1661-9408,9,2.02E+13,2.02E+13,2.02E+13,,50,단독,41,KR-41,41590,C0,C001,N,N,N,8/11/2022 12:43,8/11/2022 9:29,8/11/2022 10:09
88,송산포도휴게소(시흥방향),ME000159,1,6,경기도 화성시 송산면 평택시흥고속도로 25,경기도 화성시,37.2363191,126.7571394,,ME,환경부,환경부,1661-9408,9,2.02E+13,2.02E+13,2.02E+13,,50,단독,41,KR-41,41590,C0,C001,N,N,N,8/11/2022 12:48,8/11/2022 11:43,8/11/2022 12:11
89,경안동 공영주차장,ME000160,1,6,경기도 광주시 경안로 13-6,경기도 광주시,37.40939,127.258993,24시간 이용가능,ME,환경부,환경부,1661-9408,9,2.02E+13,2.02E+13,2.02E+13,,50,단독,41,KR-41,41610,B0,B001,Y,N,N,9/13/2021 14:28,9/13/2021 10:07,9/13/2021 10:47
90,연천군청,ME000164,1,6,경기도 연천군 연천읍 연천로 220,경기도 연천군,38.0962527,127.0750094,24시간 이용가능,ME,환경부,환경부,1661-9408,9,2.02E+13,2.02E+13,2.02E+13,,50,단독,41,KR-41,41800,A0,A001,N,N,N,8/11/2022 12:43,8/10/2022 13:22,8/10/2022 14:02
91,춘천휴게소(부산방향),ME000172,1,6,강원도 춘천시 동산면 원창리,강원도 춘천시,37.8135838,127.7664419,,ME,환경부,환경부,1661-9408,9,2.02E+13,2.02E+13,2.02E+13,,50,단독,42,KR-42,42110,C0,C001,N,N,N,8/11/2022 12:53,8/11/2022 9:13,8/11/2022 9:53
92,치악휴게소(부산방향),ME000175,1,6,강원도 원주시 신림면 치악로 416,강원도 원주시,37.2534111,128.0492506,,ME,환경부,환경부,1661-9408,9,2.02E+13,2.02E+13,2.02E+13,,50,단독,42,KR-42,42130,C0,C001,N,N,N,8/11/2022 12:43,8/11/2022 9:26,8/11/2022 10:06
93,치악휴게소(춘천방향),ME000176,1,6,강원도 원주시 신림면 다리실2길 32 ,강원도 원주시,37.2570717,128.0476759,,ME,환경부,환경부,1661-9408,9,2.02E+13,2.02E+13,2.02E+13,,50,단독,42,KR-42,42130,C0,C001,N,N,N,8/11/2022 12:43,8/11/2022 11:23,8/11/2022 11:54
94,강릉시청,ME000177,1,6,강원도 강릉시 강릉대로 33 ,강원도 강릉시,37.751978,128.875723,24시간 이용가능,ME,환경부,환경부,1661-9408,9,2.02E+13,2.02E+13,2.02E+13,,50,단독,42,KR-42,42150,A0,A001,N,N,N,8/3/2021 11:18,8/13/2018 23:33,8/14/2018 8:52
95,정동진해변 주차장,ME000179,1,6,강원도 강릉시 강동면 정동역길 17,강원도 강릉시,37.6901388,129.0343716,,ME,환경부,환경부,1661-9408,9,2.02E+13,2.02E+13,2.02E+13,,50,단독,42,KR-42,42150,B0,B004,N,N,N,8/11/2022 12:48,8/11/2022 11:31,8/11/2022 12:12
96,동해문화예술회관,ME000180,1,6,강원도 동해시 평원로 15,강원도 동해시,37.526056,129.11433,24시간 이용가능,ME,환경부,환경부,1661-9408,9,2.02E+13,2.02E+13,2.02E+13,2.02E+13,50,단독,42,KR-42,42170,A0,A004,N,N,N,8/11/2022 12:48,8/11/2022 11:06,8/11/2022 11:13
97,삼척시청,ME000181,1,6,강원도 삼척시 중앙로 296,강원도 삼척시,37.448883,129.164245,24시간 이용가능,ME,환경부,환경부,1661-9408,9,2.02E+13,2.02E+13,2.02E+13,,50,단독,42,KR-42,42230,A0,A001,N,N,N,8/2/2022 0:23,8/1/2022 9:48,8/1/2022 10:28
98,홍천강휴게소(춘천방향),ME000182,1,6,강원도 홍천군 북방면 소매곡리,강원도 홍천군,37.7131398,127.8269364,,ME,환경부,환경부,1661-9408,9,2.02E+13,2.02E+13,2.02E+13,,50,단독,42,KR-42,42720,C0,C001,N,N,N,8/11/2022 12:43,8/11/2022 9:45,8/11/2022 10:09
99,홍천군청,ME000183,1,6,강원도 홍천군 홍천읍 석화로 93,강원도 홍천군,37.696355,127.8892,24시간 이용가능,ME,환경부,환경부,1661-9408,9,2.02E+13,2.02E+13,2.02E+13,,50,단독,42,KR-42,42720,A0,A001,N,N,N,8/11/2022 12:48,8/10/2022 18:10,8/10/2022 18:51
